User,Tweet,Label
danieledobish,"Not making light of a bad situation. But damn...I had shoulder surgery in mid-Sept. Some days better than others. I did too much yesterday...been in severe pain today. Saved a few oxycontin from surgery...and had one, and within minutes, feel GREAT. Get why people get addicted.",Mixed
lilchopstik,â€œFilipino clients may not take pain medication because they view pain as being the will of godâ€ give me 3 kilos of oxycontin ill show you how fast i can overdose https://t.co/FuUFWcomng,Future
NoonSoldier,N this Percocet karate kickin it don't use no hands ...,Present
Flip_J10,I miss my lil Percocet phase ğŸ˜‚ğŸ˜‚ I c y niggas take them istg I canâ€™t get addicted tho,Past
TrvpMoneyZo,"A functioning drug addict imma addicted, where is the Percocets them thangs hittin",Present
amy2ree,"And the tramadol is kicking in. Itâ€™s not that I donâ€™t like tramadol, I have a prescription and use it only when I need to, but itâ€™s just not the same as cannabis. I can take a 20mg gummy and not only does the pain go away, everything is funny as hell",Present
baIIjointedoII,I can not sleep so maybe I will use tramadol,Future
complete_tripe,Iâ€™ve got opiate-withdrawal leg muscle spasms tonight. Itâ€™s driving me crazy. For some reason I couldnâ€™t have absorbed my evening tramadol. (Or thatâ€™s my reasoning),Present
EndingFinsta,there is no better taste than oxycodone in the back of your throat (still sober),Present
Nobody54751855,"don't know how true this is noticed my depression went up after moving out of town I haven't attempted suicidal since moving from town 4 years ago. It was 5 years ago I had my 6th overdose oxycodone though I didn't go to a hospital, I slept 15 hours and had mild seizures. https://t.co/EffHZtYzx1",Past
leirexic,i was addicted to oxycodone from 13 to 14.... ğŸ˜­,Past
NicoQuattromini,"It's hard to commit suicide. 

Massive oxycodone overdose in Cambodia is the plan.

When I'm free that is. 

ğŸ˜”",Future
kit_delgadoMD,"Xylazine in 2022 is like fentanyl in 2016
It's bad in Philly, and will be bad in your neck of the woods soon
Need to be proactive and develop the evidence base of strategies to address withdrawal and the wounds https://t.co/nqhjnvRO5q",Future
Jessica_Midder,"I would just say thanks for the free fentanyl thatâ€™s probably what I needed the whole time, my exact dosage, for this horrifying ordeal and they needed to use it to kill people so I just had to suffer. Also my parties, destroyed.",Past
Bunnyhunee,"Self aware hooker drug addict on a night out WHATS IN MY BAG: lipstick, compact, knife, narcan, coke, coke (but the bad one I can sell), tampons, bandaid, spare panties, cash, fake ID, stolen debit",Present
lorennaalmeida_,"leave some morphine in my door, cause it would take a whole lot of medication",Future
Daniipacini,"I was on morphine and and fentanyl for the last 2 weeks. 

Opiate withdrawal is no joke.",Mixed
deyjandiulfur,Back in January 2019 I was going through my first six chemo treatments. And it was the near the end. And it was tough. Hard to explain to folks who havenâ€™t gone through it. Closest mentally I can think of maybe is morphine withdrawal.,Past
TahohPYWFA,Thanks to Heroin I think I'm addicted to needles,Present
CorbinDollas,Escape room but itâ€™s a human body with back problems and heroin withdrawal.,Present
NunozUBIZJ,I'm a heroine addict,Present
brainscramblies,"â€œi canâ€™t have xanaxâ€
â€œwhy?â€
â€œbecauseâ€¦Iâ€™ll get addicted to heroinâ€",Future
itg1rlgigi,"btw any drug that shoots to the brain feels amazing, idk I could be heroin addict",Present
luh_vhet,"Me: I think I could do heroin one time and not get addicted cause I know the first time is always the best

Me literally 10 seconds later: no I definitely shouldnâ€™t do I heroin I would definitely get addicted",Future
DaFiretruck,So in California I can do heroin with a state provided needle and then shit in the middle of a sidewalk but I canâ€™t use FanDuel and bet on a game?,Present
GriseldaBLACCo,idk how heroin addicts be using they veins like this. i am literally not equipped Jesus.,Present
JUGGHarden,Iâ€™m really addicted to percs it is what it is,Present
tarahsephorah,U could overdose off percs right?,Present
jkdanaee,"i can't function when im sober, its like i need percs.",Future
SkateboardP_12,"I should preface this by saying I have a bias against sweet/sour sauce. Son didnâ€™t use Hot Mustard, Honey mustard or Buffalo.. hell not even BBQ sauce.. 

how you dip Percs in sweet and sour sauce?",Present
ddemolitionluvr,"Occasionally I have to take an oxy for my chronic pain which I know is not the best thing for an addict but itâ€™s like, yeah my body pain is gone but now I want to throw up so this isnâ€™t even cool.",Future
mbox30_,That withdrawal sleep some different day 2 no percs lol,Present
slowboogiewalt,Im a Houston Rocket and Iâ€™m use to coppin right now Iâ€™m on 2 Percs and a blue Roxy,Present
kappalottttt,"shawty want percs, this a drug addict date ğŸ«¶",Future
LessThanDaniyal,I am addicted to heroin,Present
fruutzies,feel like a crack addict because of the way i love cocaine,Present
MaryBethO_,"As a meth addict who'd passed through an alcohol abuse phase, I thought of alcohol as a drug for lightweights. Until rehab. When I saw the physical struggles of those with alcohol use disorder and heard their horror stories. #alcohol #sobriety #recovery",Past
ari3lm,"thinking back it prolly started w the vyvanse , now im staring at oxycontin in my hand",Present
Trevor_S7_,Fell in love with oxycotin I got percs all in my body,Present
FriendlyCatWife,This oxycontin is making it real hard to write this essay for History of South America class thatâ€™s due 20 years ago,Present
Osborneosaurus,I sobbed earlier as husband had to help me dress. I felt gross. Iâ€™m now laid in bed in agony but not wanting to take morphine as I fucked up my OxyContin earlier &amp; so kinda have twice the dose going on. Donâ€™t tell me Iâ€™m differently fucking abled. #DisabilityTwitter,Past
yungrowdyboy,who got percocets ? i need a few of them !!,Future
KaKaSon365,I Just Popped 2 Percocets Iâ€™m Foaming In My Mouth Now,Present
BitchImRee,They ainâ€™t kno I be on them Percocets but they kno that I be on them zanz,Present
swirliezz,Iâ€™m railing percocet at a party getting high to find my one true love,Present
Forever_Doped,Taking Percocetâ€™s too Numb the pain,Present
4thegangrasta,I been sipping wock but Iâ€™m feening for a Percocet ğŸ’š,Future
YFN_Flop,Percocets got me in a chokehold,Past
berksstnana,"Percocets &amp; Adderall together make me feel betterâ€¦â€¦.Kiss her in her mouth last time I hit her, make her feel special !!",Present
not_ioN_plant,"I just got some Percocets with the Chinese V
Too blowed, eyes low, how the Chinese be",Present
filthybuxks,Iâ€™m off a percocet Iâ€™m itchingğŸ‘¨ğŸ½â€ğŸ³,Present
_wodie_,"These percocets like steroids , they got me stayingg strongg .. ğŸ˜¶â€ğŸŒ«ï¸â¤ï¸â€ğŸ©¹",Present
_RealHancock,Percocet ? U want one ?,Present
KvngMgb,"I donâ€™t feel nothing, feel like my heart on a percocet",Present
DRZ4E52,Iâ€™m off these percocets right now Iâ€™m in a different zone,Present
_Mikeyy_B,I just did a dose of percocet wit some strippas,Present
T_raayy,Time to mix ğŸ¥ƒ Hennessy+Taylor Port+Xanax +Percocet I wonder where will I land ğŸª‚,Present
ViolenceCDQ_,Poppin Percocet solve all my problems,Future
longlivenedo,i get so high i drop sum codeine on my percocets,Present
anndrefer,I need percocet :/,Future
dmt4dmt,"you know, i said this while on dilaudid but itâ€™s actually kinda true https://t.co/obQ1htnRjd",Past
arrjayteatoo,"i am right knackered on the dilaudid i am i am

proper chufffed m8s",Present
ratlesbiann,guys to be honest Iâ€™m on dilaudid and I canâ€™t keep my eyes open or at least both of them at a time,Present
____pKayy,They might as well get me some dilaudid,Future
JJ_BAU,and also revealed that he had thought about taking dilaudid again.,Past
Jellaaaay,they gave me dilaudid &amp; a norco.. feeling like a fein. Im about to go to sleep,Present
_timchevalier_,Posfing Is hard when youâ€™re on hella Dilaudid,Present
dulaudid,hate when i get this high man ainâ€™t got no filter ğŸ˜‚ğŸ˜‚ğŸ˜‚ğŸ˜‚,Present
ree_sodope,"What type of drugs these mfs getting on the streets?? 100mcg of fentanyl, 2mg of dilauded and a norco didnâ€™t mf touch this pt. ğŸ¥´ğŸ˜©",Past
TownOfFergus,"Can I get you anything? Water? Glass of wine, 18mg dilaudid?",Future
King_Blacq,Lakers failure is like tramadol in my system and that of Chelsea is like jekomo. My penis just dey stand the veins wan tear.,Present
baIIjointedoII,looking at my pupils on tramadol vs dxm and WOAH,Present
Johnnybless0,Tramadol is medicine but I am done is victory.âš ï¸,Present
nerdynellly,I've been out of tramadol for a week. Pain is starting to wear on my sanity. I slept so hard this evening just to escape. I hope my pharmacy gets its poop in a group tomorrow.,Past
mariah_alice,Totally missed a doctors appointment cause I was knocked out off this tramadol ğŸ¤¦ğŸ¾â€â™€ï¸,Past
fancytomboy,Iâ€™m gonna buy tramal when I go back to Colombia. But I canâ€™t bring home 8 years worth. ğŸ˜­,Future
evrule22,Normalize taking in tramadolâ€¼ï¸,Present
Jackson51395640,Wish I had some oxycodone.,Present
Time2Woobify,"Time to take my oxycodone and go the fuck to sleep.

I've gotta show you guys these surgery incisions later, though. They used glue instead of tape or any bandages so it's all just... there. I can look at it. All scabby and gross under the glue. It's so cool.",Mixed
atothe_d,"OK! Losing myself with a mixture of oxycodone and vodka, locking the bathroom door! If that's what you mean, yes! https://t.co/3afeQjfYvi",Present
marryoxycodone,Oxycodone all up in my hand got me scratchin thru the walls,Present
SpecialKSkyhook,OXYCODONE IS THE BEST DRUG OF ALL TIME IF THEY JUST LEGALIZED IT HEROIN WOULD VANISH OVER NIGHT,Present
radiationssuit,"now to wait for the oxycodone to kick in. if there's anything i have to look forward to in life, it's definitely painkillers. that, and alcohol.",Future
draculuii,will mixing alcohol and oxycodone kill me? im not trying to kms im just bored,Future
rcr_pereira,You know the pain is serious when oxycodone makes no difference ğŸ˜¢,Present
hhhhhhh77657194,i love fentanyl candy,Present
Ducc1737,Man 1 shot of morphine will be so good rn #diet,Future
shadowxius,It's Morphin' Time! https://t.co/Vq8A0J0oFz,Present
shaddaibot,Joined several MS FB groups looking for vicodin at 7:,Past
Expect_theworst,"Basically my 4 months today.

Said no to free medical morphine/norcs https://t.co/IJpKdYUDt3",Present
speechlessm14,"Morning morphine princess
How are you feeling?
Everything went really well
Look at you
I remember when I delivered you
You look just like your mother",Present
SirDarklust,"I'm in one of my rare moods were I just want one dose of morphine. Just one dose, to feel them warmth and relaxation. If you've ever had it, you know what I'm talking about.",Present
televisiondays,Lips like morphine kinda night,Present
riceandhotsauce,One time I saw this happen and I jumped up with narcan so quick lol https://t.co/3yU5uKqjZx,Past
bbymerci,CBD ainâ€™t working i need heroin and a few lines,Present
hypnotizemindzx,I sold heroin to Alex from Target behind this taco truck,Past
niir_me_tech,She's not dead. She tried oding on codeine â˜¹ï¸,Present
julio7xx,This ainâ€™t no regular dawg food this black tar ğŸ˜´,Present
biachaichat,"Fine brown, give him that brown sugar",Present
felonjobfair,pls big bro just one norco 5mg pls im begging ğŸ˜®â€ğŸ’¨,Future
dusty_tyler,"Imma be onna diet, but of those Gummis and that norco ğŸ¤·â€â™€ï¸ imma eat 12 granola bars ğŸ¤·â€â™€ï¸",Future
SoulxChild,I have exactly enough norco to kms. One like and Iâ€™ll do it,Future
dannyh_1411,"I'm out here coloring with ""Mexican Brown"" https://t.co/HQqPXauuiT",Present
lickstiel,I just got laid off from Twitter!! Iâ€™m the marketing person who posts oxy 80s on your timeline to bring back the reign of pleasure from the 90s-2000s #ripoxy,Present
CyruzLalab,"two white cups and I got that drank, could be purple it could be pink",Present
munkeyDevil,Purple drank of course https://t.co/zfQID3o9Lb,Present
KKriiSTiiAAnn,But naw I be having drank literally every week red or purple clean lean,Present
PillboXXe,I've been making Purple Drank with Children's Tylenol. https://t.co/p2cpucDiDu,Present
Parkave_Eman,I dropped a 4 purple I call that shit Chris Webber ğŸ‡ğŸ‡ #drank,Present
MILFmassacre,Iâ€™m teaching the kids at my daycare that â€œpurple drankâ€ means grape juice,Present
RandScenarioBot,"Yesterday, I drank a Purple chocolate that was Scared.",Past
thejoemoranshow,"Who drank all my purple stuff? 
#MondayBlues",Past
rishardmillie,Sipping purple drank,Present
RandScenarioBot,"Today, I drank a Purple marble and i got Calm.",Past
amodimommokwe,ğŸ¤£ğŸ¤£ğŸ¤£he wants to know if you on that purple drank https://t.co/qyUeNtLzag,Present
nozomeme_ebooks,What the FUCK is grape juice I want my Purple Drank,Present
eufemi0,Purple stains from my drank,Past
aguynamedgeofff,"Yellow pill, purple drank, I'm Laker geeked, man.",Present
RxckOwens,Drank so purple look like soul plane.,Past
SamsaraSamedi,So I headed to bed last night and drank up this odd bottle of purple stuff...woke up looking and feeling a bit different. New adventures to come,Past
Me_Vs_Yall,percs + shrooms = happy me ğŸ˜,Present
Peddybaby3,I pop a addy when ion have percsâ€¦,Present
thaboyjozu,i been itching for two days. these the best percs,Present
boatsogoated,Percs got me in heaven but Iâ€™m itching like hell,Present
jahisalive2020,Acquired a few hyper pop drum kits and now I have all those stinky fire beeboop percs,Present
ifinessedem,idk if my tolerance just too high &amp; i done popped too many percs in popping days but these lil shits dont do shit to me nomore,Past
P1ERCETHEANA,"coming from a drug addict on edtwt â€” yâ€™all do NOTT wanna do meth. i understand that itâ€™s a disordered thought and itâ€™s a quite common one, but please do not act on it. like for the love of god please do not to do meth itâ€™ll make you skinny sure but itâ€™ll also ruin ur entire life",Past
medicvtion,Over a year sober from fentanyl!!,Past
jewbruh,Meth AND phetamene now thatâ€™s a bargain I could get addicted too!!!,Future
skwinnicki,"Didnâ€™t take my adderall on time today, by the time I thought of doing so it was much too late to take it (Iâ€™m on extended release, donâ€™t want to mess up my sleep)

Now Iâ€™m trying to figure out if my brain is super funky from amphetamine withdrawal, or was it always like this?",Past
averythingokay,"Canâ€™t believe I went from being a Xanax / Opiate addict to trading $SPY options and maintaining a 4.0 in collegeâ€¦

This isnâ€™t a flex at all, just a reminder to bet on yourself.

Youâ€™re capable of achieving anything!",Past
lovebomblyrics,"the biggest reason why i got sober was because i lost my bestfriend to meth. not lost as in she died, but lost as in she lost herself to meth. she used to be so smart and driven and beautiful, and she chose meth over life. she chose it over everybody.",Past
anabundantjour1,"Friday night is for baking.  

15 years ago, I would be getting ready to go to work in the bar, taking my first Roxy to keep withdrawal at bay til my dealer rolled in around 10.  Vodka, pills and cocaine (my body the oven).  

Now, I bake or paint and enjoy my sanity. 

Grateful",Past
crystal_mozz,Im sixth months sober from meth today but imma do some molly since its also exactly five months since the guy i loved overdosed in my bed,Past
T4ngledTomcat,the answer to this is heroin withdrawal https://t.co/5G9ozWBGb4,Past
LittleRedSan,"No joke

I might be addicted to morphine",Present
TVanderklok,Proud of you!!! Keep it going! One minute at a time sometimes! I'm a recovering opiate addict and My Dm's are open if you ever need to chat! https://t.co/jLfCAIMNFv,Present
adidas_man__29,Bahahaha math. I'm getting sober of of meth. I haven't used since Halloween.,Present
naccaveli,"I let my older brother crash at my spot, this nigga cut the main power, destroyed all the drywall, and cut my mattress up. Dumb mf even smashed all the tvs n shit! So we moved that day, and I am 3 days sober from 2 years of opioid useâ¤ï¸ moved to where I wouldnâ€™t have any connects",Past
trendsipper,I must confess that I am a heroin addict who has been clean for 14 days,Past
CarltonRkid,In 23 days time I will have been clean and sober from cocaine for 2 whole years. Currently at 707 days. I wouldn't of being able to get here without the Twitter community. I'm so proud and the change was certainly needed. Well impressed with myself,Past
GARRETTMFSILCOX,This was me 6 years ago. I was a meth addict. I smoked grams in the double digits per day. I destroyed my life. My family. And everything and everyone around me. You didn't tell me no. I was a demon. To this day I am still paying for my sins. https://t.co/dvsTf7NRmp,Past
IHuffGasoline,Iâ€™m not asexual babe Iâ€™m literally a fentanyl addict I physically cannot get hard,Present
2fluoropervitin,"also forgor to mention i slept outside on our garden on a very uncomfortable bench but it was a way better sleep than my bed could ever give, also why does sleeping on meth feel way better than sober sleeping",Past
lyndastraffin,Being clean and sober is lovely but sometimes I wonder if the last 6 years of stress is more harmful than heroin. ğŸ¤”,Past
staybayy,"2 weeks sober from another relapse, and 6 months off cocaine on Friday! thatâ€™s a huge one - if you think youâ€™re gonna stop after collegeâ€¦just stop now cuz thatâ€™s not true kiddos",Past
MxAngelFuck,"Aww. Nah sober life isn't for me. I'm in too much pain for that. I don't take opiates, I don't actually use cocaine at this time, if I could ever find any, probably. All I got is occasional Adderall binges and Delta 8. Get off.",Past
hellbaby_ebooks,Becoming addicted to fentanyl.,Present
jt_tradez,I use to sleep right here while I go as addicted to heroin. Donâ€™t let nobody tell you what you can accomplish in life. Iâ€™m proof https://t.co/IJNpmq5RQj,Past
zaclennard_,"i miss the era of me being severely addicted to cocaine for 3 months, almost dying and no one noticing",Past
BigJesusGuy,"I feel the same way my brotha. Iâ€™m addicted to meth, Iâ€™ve been in and out of jail more times than I can remember, I just sit in my room thatâ€™s filled with anger and depression but now that MRCY Pro is back, I can stop thinking about how that bitch took my kids. Thank you MercerğŸ¥¹ https://t.co/qJkHVypRcP",Past
KL96476642,"Day 6 being sober 

It feels like cocaine. I got so much power I donâ€™t know what to do. Gonna hit the gym ğŸ’ª",Past
mrfavus,"I think (touch wood) I am over the worst of my Antidepressant withdrawal, in fact I actually felt quite good today!",Present
WorldFighter21,"I logit just publicly came out as an opioid addict and idk at first it felt gross to say but now I feel empowered by showing one of my biggest weaknesses to the world, knowing that there are so many just like me or worse.",Past
chrisbobe,Iâ€™m a recovering addict. Overdosed hella times. Narcanâ€™d and all that. My death would not have been a conspiracy,Past
Justshitpost,I am now a mandatory Heroin addict in Tarkov.  Shoot up twice at the start of a raid.  Shoot me in the head once and I die though. :(,Present
WorldFighter21,"Even while I'm going through opioid withdrawal and wake up with bed head, I'm still beautiful britches! ğŸ¤’ğŸ¤§ https://t.co/CRFhuSAUPE",Present
lasagne001,"Ok so tell me this ! Why is it every time I sober up on meth and ghb kik back ..then
take some Adderall, next thing you know.. it's cloudy with a chance of Shards.",Present
orthonovum777,I probably did heroin to be in charge of my own sensory input. Iâ€™m glad I found a way to get and stay sober but Iâ€™d be lying if I said heroin wasnâ€™t medicinal for me.,Past
normaltransgirl,"honestly wish i was given meth as a toddler. it was the first time rush that got me hooked you know, I bet if they gave it to me so young i wouldâ€™ve forgot about it and it wouldnâ€™t have hit the same. Bet i wouldnâ€™t be addicted",Past
Keepontruckin41,Also have to say Iâ€™m more thankful than ever for my sobriety today. Cocaine was my DOC- I truly believe if I wouldnâ€™t have gotten sober when I did I would have succumbed to my addiction sooner than later. A new life is out there if youâ€™re struggling. You CAN overcome https://t.co/8zlnItTprc,Past
msacaciaaa,iâ€™m washington state sober (using fentanyl),Present
PHILOFFAXAN,"I'm not addicted to LSD just benzos, opioid pain killers, sleeping pills, weed and alcohol, ok?",Present
ThomasKlineMD,#chronicpain  for those of you on opiate pain medications longer than six months what kind of withdrawal symptoms (donâ€™t count return of original pain) did you have when cut off?,Past
kerionmywayward,Iâ€™m Tennessee sober (on meth),Present
GingerrrSnapz,"Realised I've been cocaine sober for 2 years this month and honestly, it's been a struggle at times but I'm so happy I've stuck it out â˜ºï¸",Past
838cals,1 month meth sober,Present
AA45MW,"Sometimes when I smoke meth I can literally hear other peoples thoughts haha 

But when Iâ€™m sober I can just hear the other my selves thoughts haha 

But if I get into a relationship maybe I can hear my boyfriends thoughts ğŸ¤”

How do I likeâ€¦ I need an MF doom mask. Hmm hmm hmm",Mixed
SleepySamFL,"The worst part about being a recovering diabetic (ex) crystal meth addict is the first month, all you fucking crave is sugar.",Past
recs2k21,"Morning #RecoveryPosse today I wont say to the mrs meeting the lads after work be home at 7 Iâ€™ll bring a takeaway. Then text her Iâ€™m not coming home, sort yourself out after Iâ€™ve had cocaine &amp; beers. Roll in at 4am, ruin my weekend &amp; my relationship.

Today I stay clean &amp; sober",Present
resedajohn,"I used to go to the movies a lot but then I went to grad school, had my slut era, got addicted to meth, got arrested, became very poor, had to recover from all that shit, then came covid",Past
beimir20,"ğŸ¤£ğŸ’ªğŸ™ŒğŸ¥°You tell them,mâ€™am #donttreadonme .This is my new fxxking flag, sis.ğŸ˜³ğŸ˜±ğŸ«£ğŸ˜¹ğŸ–•ğŸ˜‘ğŸ¤¦â€â™€ï¸ #wtaf Homeless women in my state canâ€™t even sleep in peace in shelters ğŸ˜®w/ this shyte &amp; drugs are easily accessible aka free.ğŸ™„Every1 here is an addict.#opiates #fentanyl #justsayno #ffs https://t.co/hq28AehrYg https://t.co/xoZXgZsp5I",Future
cubikles,"i told muself i was never allowe d meth bc my mom was addicted to it 
i feel like such a failure",Past
EndingFinsta,the visceral disdain i feel when people unironically say weed is a plant.. as an opiate addict,Present
TahohPYWFA,Thats when i was a heroin addict and shot up in the slightest.,Past
getbusywithit,"I mean not to be rude, but no fucking duh it would kill you. How old are you man? Unless you got an insane tolerance just 2 Xanax could make you blackout. Do you have a tolerance?",Present
snakespit666,"iâ€™m sorry to hear about your brother, and yes iâ€™m beginning to come to the realization that this may not get easier. itâ€™s really challenging my sobriety for sure, but at the same time itâ€™s caused me to resent drugs",Mixed
durp1285,Oh and i get 800mg gaba 3x a day.  And muscle relaxers. And 40 10mg oxy a month,Present
durp1285,"I've never had an issue.  My first appointment at pain management i walked out with a script for 180 10mg oxy. But they can't do procedures for mine,  trigeminal neuralgia",Future
snakespit666,"iâ€™m glad you were found and made it, for the sake of not only you but your loved ones as well. heâ€™s the second person in my life that iâ€™ve lost to a fent overdose this year and seeing the impact itâ€™s had on everyone has been very disheartening",Past
Syrian_lambchop,"Maybe consider methadone. You donâ€™t get high like you do on oxy but if you take the same 45mg a day I doubt you get high anyways. 

You get way more pain relief from a dose of methadone IMO",Future
3FtU,"Yes - My first opiate was a codeine 30mg, I'd tried every drug under the sun but somehow barely knew what an opiate even was, just something to stay away from. A girlfriend who had back pains kept nagging me to try it - I kept saying no knowing what I'm like, I obsess over a drug till I get bored and move on to the next - But I knew opiates were different.

In the end ""fuck it"" tried one, then two, then three - we split up and I had to find another way to feed this new thing I'd discovered. CWE, and smashed that for a couple years going up to 500mg - Grew my own poppies one year and smoked the sweet sap, found the all-round-high of pods to be nicer than codeine but another year or so till the nausea to high ratio was too much. Here I am 7 years after that first pill trying to get my shit together on a methadone program but have a side-bitch called H.",Past
yaboyfrom94,Just sniff a qtr pill dude youâ€™ll be fucked up,Future
bigbadw00f,"I actually laughed out loud at the loooooong line which goes sooooo far baaaack - 50-60 years/1-2 generations ğŸ˜‚ğŸ˜‚ğŸ˜‚

So you mean you take drugs sporadically, like not addicted, just so you can connect with people? Doesn't sound that bad to me. I mean social anxiety sucks for sure, but there are far worse illnesses, so all in all you're doing great!",Past
Distinct-Newspaper-9,Dont do it.,Present
bigbadw00f,"Cheaper? That's weird!
Well, if you can afford it it's not so bad. I know of people who learned to live with their H dependency - working, consuming, and all. You have to be strict on yourself about not taking more than strictly necessary, otherwise tolerance builds too quickly.

Or you can quit it. That I've done and, while certainly a very shitty experience, it is no big deal. Physical withdrawal lasts about a week, the first three days are the worst part, then it gets easier. Psychological WD is very subjective, but having a job and a bunch of friends basically takes you through all the difficult parts. In a year or two you will be like new, no signs whatsoever of past drug use.",Mixed
jacrdavi,"Just stop, youâ€™ll end up getting narcaned and wake up looking dumb af",Future
QuarterSack420,"Yea im my head i hate the shit now , i do understand that tho im real head strong its just the physical symptoms that kill me bu thank you i know i can beat it",Present
bigbadw00f,"Sorry to hear about your difficult childhood!
What do you do now? I mean in terms of activities - work, hobbies, gym, that kinda stuff.",Present
RoneoAlcatel,"Take a bat, bash his knee ..  â€˜just a lilâ€™ bit.. and offer him your trams. Only 50mgs though! 100 might become too habit forming for him.  Doctor of medicine or not..  mustnâ€™t  break titration rules now...",Future
MrOverride,"I think they are saying they had gotten oxycodone instead of bup and the pharmacist was being a dick about it. That happened once and I just switched my pharmacy. And Subutex is sometimes used as a pain medication, the doses vary just like suboxone, you can get like 2mg or get 4 and spit it. It's sometimes used because it's safe.",Present
RoneoAlcatel,Been ~450-500mg/day OxyContin tolerant from 2016-2017. So yeah. Itâ€™s very possible.,Past
dodgeorram,Oh dude by the end I was losing it I was working 2 jobs day job was a delivery driver and by the end I was hallucinating shit in the mirrors on the truck while I was driving and shit my second job itâ€™s like I had super hearing and I could hear everybody talking about how high I looked â€œthey actually were well one guy was talking shit but I didnâ€™t know wtf to do cause I was  actually high as shit and goin crazyâ€ how I didnâ€™t get fired idk man I know stores on my delivery route atleast one guy definitely knew something was up I hate uppers but that was the only way I could stay awake driving because I was working so much I could only sleep like 4 hours a night and I was just miserable,Past
TweekinHard,You should quit for good. This isnâ€™t the drug for you.,Present
High_guy_87,Its possible to stay on suboxone permanently? I was under the impression it wasn't a long term plan. atleast my dr made it seem that it must be tampered off of  i started at 12mg a year n a half ago and have been down to 1mg the last month. My last dose is this Friday and I've been torn between being happy to finish and freaked out its ending,Past
bigbadw00f,"Not boring at all and very sincere! Quitting is usually a good idea, although your depression and anxiety may complicate the matter.",Present
Raebaby1973,I'm glad ! There ARE good people in this world...sometimes it's just hard finding them. I hope you have a great day!!,Present
Raebaby1973,"It's crazy that you mentioned your Mom. I haven't spoken to my Mom in over 5 years. She's a narcissist &amp; was physically abusive to me until I got married &amp; l left home &amp; 25 years old. I never even thought about calling the police. But this is a very short version of a very long story. My parents are divorced, &amp; my Dad is my best friend. He's 6 hours away &amp; I talk to him every day. You're so blessed to have your Mom. ğŸ˜Š",Past
Raebaby1973,"Have you tried calling social services? Please don't even consider ending things. I've been there... I STILL get to that point sometimes.... but things will get better, I promise.",Present
HomanSquareGreenLine,"I would take 100mg and sleep 20 hours at a time lbs. you will feel empty with goose skin when you wake up, but when you take a warm shower and break fast with some light fruit, you will be A OK. Benzos and seroquel is a god send",Future
a-hentai-user,Iâ€™ve tried it I didnâ€™t get addicted it feels pretty damn good but probably the only reason I havenâ€™t is bc I donâ€™t know any trustworthy plugs. If I could do it everyday I definitely would.,Present
yauc-OIC,"If your pain clinic calls you and you know you'd piss dirty if they're asking to test you, couldn't you just ignore their calls until it's out of your system and say you lost your phone or something / your phone broke and you didn't have time or money to replace it?",Past
FNDerer,"I'm really glad you woke her. I bet she was really pleased!
I appreciate you getting ahold of me, and the offer for the future. Likewise, if you find yourself in that position again please reach out to me",Present
fungimagic,Nope! I have used EVERYTHING EXCESSIVELY an even started trying out RC's. I don't regret ANYTHING and if I could I'd do it all over again because I have first hand knowledge and experience using ALL main stream drugs. I use to wonder why people used drugs I couldnt for the life of me understand why people would do something that would potentially hurt them. After 12 years and counting (Although here pretty soon I'll be slowing my roll with harder substances) I completely understand why people do drugs. Honestly I believe you should try anything (that wont kill you!) at least twice. Have fun my friend life is short enjoy it you wanna try something then please by all means try it dont let people scare you into missing out on something you're interested in. Do the research know and understand what it is you are getting yourself into an do it! Hope this is helpful to you and anybody else.,Past
ME_2017,Yeah Iâ€™ve done fent a few times before. Itâ€™s just a quick nod and no euphoria. Really strange because these lasted a solid 5+ hours from an oral dose and were definitely a euphoric â€œupâ€ high as opposed to a straight nod.,Past
Tajik123,Also Clonidine ainâ€™t a benzo nigga Issa blood pressure med,Past
Tajik123,Df did you go to ah hospital for bruh lol you barely built a dependency. That was a big mistake,Past
getbusywithit,"Iâ€™m the same as the other commenter. Never think about my breathing but use how close I am to nodding to gauge how high I am. As an Oxy user, if Iâ€™m actually nodding, itâ€™s likely to much. Oxy doesnâ€™t give you the physical nod as easy as morphine or heroin but the euphoria is on another level. My aim is to get as high as I can before I start to nod",Mixed
Tajik123,If I took a mega dose of blood pressure medication (calcium channel blocker and ace inhibitor) combined with the opiates be strong enough? I also got some perc 10s left over and a little bit of lean too,Present
getbusywithit,Hmm not sure then. I know I can tell the difference between Oxy and fent. Fent to me isnâ€™t euphoric and doesnâ€™t last as long. Oxy gets me talking like Iâ€™m on coke which is the biggest sign for me,Mixed
dmonsta31m,"Yup, hate trams. Terrible drug Iâ€™ll laugh at the E.R doc when the offered me them last and told em to keep along with the glorified lame 800 mg ibuprofen pills",Past
getbusywithit,3-5 days for the main physical symptoms to go away and up to 2 weeks till you start feeling normal,Present
Awkward_Tie_5927,"You need some better shit bro ,,, otherwise you just using to not be sick... On the east coast  find yourself some nostalgia light brown snooki . you will be back  to where you started feeling like a euphoric superhero without care in the world.  shit super fire if you find the right one .. To clarify .......One thing  *I will never condone is those Needles..... fuck that shit, YOir playing on a whole other ball park and you will ruin your life.   Daily functionality and being successful  with a carrier or trade is mandatory before  you indulge anyways. soon as that shit start fuckin up your flow ,, its time to chill. but tolerance is bullshit and only applies if you on the same  mg or quality .. i wish you the best , be safe  and  don't  be a bum*",Mixed
bigbadw00f,"Sure thing. It was a question of time, like everything, but the support here made me feel better for completely different reasons.",Present
PILLowprincess69420,I'm sorry you had to go through all that to get your pain under control. Happy to hear they finally helped you out man.,Past
Tasty_windows89,"Hang in there. Felt the same way today. Woke my mom up just t say hi to her. Haven't been getting along with her for the sat few years and Im trying to take baby steps. Things are hard when you feel alone in the world. You can message me if you want to, just a listening ear to help a brother/sister out.",Mixed
GandalfTheGrady,"I've only been to rehab twice, but both times most of the opiate users were all younger.  I was in my mid-30's and there were a couple other opiate addicts my age, but the vast majority were 18-25.  The women older than me were all there for alcohol.",Past
SitOnMyFace864,"It should show in there tests idk how you got away with that one but also maybe they're only testing for the big 5(Meth, Coke, Opiates, Pot, and PCP) Idk why a 5 panel drug test includes PCP instead of Benzos but its a nice loophole I've always use to my advantage if I know the people testing me are gonna use a 5 panel. Thats what I got tested with at most of my jobs and actually one Court ordered drug class you can also use hallucigens without being caught that was my main go to during those times some good mushrooms and a few xanz for the come down(:",Mixed
AxlandElvis92,Iâ€™m sorry that totally sucks. Iâ€™m realize how lucky I am to have my pain treated properly.,Future
Serious-Bottle,sry my typing isnt perfect I'm a bit high and its reddit man not the medical journal ppl kno what I'm sayin but ya actually I lived in IN for several yrs and seen this first hand several ppl I kno Od b4 the dr lost his license thanks for ur comment,Mixed
Pre-Nietzsche,"Again, I just mentioned what I took not what my tolerance was. Iâ€™m in a house with my family, Iâ€™m not intending to sit down and nod out. 90mg+ doses will get me there, Iâ€™m fine between 30-60mgs. Thanks for the concern though",Mixed
Trill-quannny,Only the first couple times after that it's only the anesthetic and hypnotic effects . Good for sleeping or if u need surgery or sum,Past
RoneoAlcatel,"That was prescribed to me 3 months ago. Same previous years of PM experience. No idea why I took the #20 tramadol pills when I know I have a bad reaction from SSRI based medications. Tried one 50mg, beyond mood disorders and anxiety for the next 12 hours..",Past
Tajik123,Surprised your withdrawing from 3 weeks of usage lol. How much were you taking? After the 72hour mark things start to look up from there. Usually by the fourth day mark you only have mild symptoms left. Iâ€™ve used the drugs for months at extremely high doses and have withdrawn many times; youâ€™ll be okay. One time I kicked 130mg/day without anything it sucked but I rode it out,Past
dmonsta31m,"Sounds like he had years of pain in his records, and that is what pain clinics are for, they expensive and you better hope to have good insurance but they sell, manage that pain, and I wouldnâ€™t think they would start him off on crap like trams or something",Past
MilkehuNt,If he is trying to get sober(some day ) even eventually he should try to not destroy his body with alcohol the rest is fine hope all is good Iâ€™m about in the same boat but getting clean/healthy through subs after surgery,Future
fiendish-,"Soooo...

Took your excellent advice but I really should have waited longer than 30.

You were kidding about strong!

At 30 minutes I felt nothin. So took another and holy CHRIST!

Some gogo juice is helping from completely nodding, but now I look like I'm in the late stages of cerebral palsy",Past
notseenothing,yea i think the biggest thing is not letting it develop into the obsession that it so easily can become. if you just use it as a tool then it can be managed like any other tool where you outweigh the benefits to the consequences,Future
Dylan_ryder,"Meth is not easy to get off at all, you feen meth, you get a taste for it an thinking about having a puff you can literally water at the mouth.
Meth was a hard drug to get off for me anyhow an I find a lot of people relapse because itâ€™s so easy to get back on.",Past
CrystalFieldTheorist,"It was going to happen sooner or later.  I believe things happen for a reason (not God; I'm an atheist).  I also don't believe in free will, at least not in any significant decisions -- getting addicted to opiates was always going to be part of my neurological profile.

For these reasons, it's unfortunate, but I'm not sure if I would use the word ""regret"".",Future
Investigator_Alive,"No way jose. Its a great drug yeah its pretty addictive but if youve never tried it, how do you know.",Present
dandanpizzaman84,"I've personally avoided having any type of diagnosis attached to me. I do struggle to focus. but usually just smoke pot to get on with it, speeds tend to make me nervous. I dunno, It seems I'm able to use psychedelics, opiates, &amp; benzos differently than most.",Present
Serious-Bottle,tex def better than suboxone I've never been able to take suboxone on regular basis gives me headaches and shit but tex is not as bad big in the area I live In as it's cheaper last longer per pill so alot of ppl do it but if has kept me off other opis for the most part got my life to a decent place,Present
Serious-Bottle,fent pills are harder to taper with bc u dnt kno what anoulge ur dealin with and there mostly short acting ones and are prly not equally distributed in those pills all these things make it alot harder to taper fent imo,Present
youngdumbfelon,youâ€™ll be fine. if your not nodding some valium wonâ€™t hurt u. even if you were it would prob take a lot to affect u,Future
melbpurewhite,U in the state with the strictest lockdowns because u shouldnâ€™t have any problem getting really good dope,Present
4nickbrokemywrist,I hope it gets better for you man keep your head up,Present
CrunchyMuffins4653,Weâ€™ve all said weâ€™re never touching them again. Boredom is typically the culprit later on and that makes us think â€œone more time wonâ€™t hurtâ€. Just remember what this feeling is like and that one more time will turn into this all over again. Youâ€™re lucky to have good family who is willing to help you through it. I have faith in you man stay strong and good luck.,Past
Valuable_Piccolo_416,I think what I'll do is take .5 sub at 40 hour mark see where that takes me wish me luck,Future
barsrsrs,its really not that bad- i smoke weed daily on suboxone and it actually really helps me stay away from harder drugs. but w the drinking it sounds like he just replaced one addiction w another kind of,Present
ImAZuckerForYou,"Opiates may be the only things on Earth that are truly ""too good"".",Present
rocksannne,No youâ€™re absolutely correct. I forget sometimes that methadone takes longer to kick in. OP: wait 30 to 60 minutes just to be safe.,Present
Syrian_lambchop,Make sure your pupils are fully dilated. Thatâ€™s how I always could tell and be safe.,Present
Kitchen-Orange-728,Yup never have I tried something in my life and instantly know that I was fucked,Present
ViralGreenly,So is it just one main high in the day you do it till you feel your point then more again that day and how much milligrams of oxy does it take and congrats man stay smart about how you dose,Future
xMarill,"Keeping control is very hard but it can be done. I personally use at work, but minimally. After work is definitly fair game!!",Future
reversoul,"I don't know about anyone else, but when I'm getting high and feeling the warmth of euphoria,  the last thing I'm thinking about is my blood oxygen or whatever. Usually when oxy makes me feel sedation and causes me to nod I know I've had enough.",Present
Itsnoteasy5466,Thereâ€™s actually been a few  times in the past where Iâ€™ve agreed only if they mailed me atleast half a pill first. Itâ€™s worked twice,Past
Usual-Suspect-799,"If itâ€™s clean tar, 24-36 hours. If itâ€™s not.... I dunno. Fent is unpredictable.",Present
santero01,If your tar is cut with fent you better wait at least 3 days no joke. Be careful dude. If it's straight H 24 should be good but I'd go for the 36 just to make sure.,Future
youngdumbfelon,if you donâ€™t than you havenâ€™t done them long enough. i will say it made me take addiction seriously when i use to think it was a joke or that it was for the weak. i am careful about anything i put in my body because i know all substance can be a problem,Mixed
bionicmom78,This resonates with me.  I dont have any sound advice except a sympathetic ear.  It's not easy either when you have had surgery (I know  cause I've had 3 cervical spine surgeries before I was 40 (I'm 42 now).  Feel free to send me a message. Hugs to you!,Past
BIRDD79,"Yeah dude, guess metabolism has a huge role in how fast it passes.  Has to be more to it than just that, but it eludes me lol. Be careful out there",Future
CT_Wim03,"At this point I can take 8 30s at once (240mg) and not get any pupil constriction or anything. Shit blows. Although, I blew my tolerance up with Tianeptine. Stay away from that shit.",Present
Halloran_da_GOAT,That fact is completely and totally irrelevant to the impact it will have on OPâ€™s life. My point was not that 6k was a lotâ€”it was that I owed far *less* than 6k and 10yrs later Iâ€™m still feeling it.,Future
TheEnchantedHunters,Idk my days of using were hands down a more exciting time than my days of doing great in college,Past
CrystalFieldTheorist,"Exactly.  I'm at the point where I get 48 hours of (mild) withdrawal symptoms after 24 hours of indulging.  It's a terrible bargain, and as you said, it's too much of a hassle and too disruptive to my life.",Past
TayDavies95,"What do you mean ""Unfortunately"" you don't do hard drugs anymore??! Dude being clean and having a good job with some debt is way better than OD'ng without Jack shit to show for your life. Give yourself some credit (no pun intended)",Future
heraldo47,"please don't do it, I promise you you'll regret every second and for the rest of your life if you're like most of us who have experienced heroin. stay strong my friend this is not the path to go down for many reasons",Future
AwRats420,"People always say this but to me it's akin to green tea with bitter undertones, not that bad. I have been taking it for over half a decade now so maybe I'm desensitized haha.",Present
IdkImHellaHigh,"Youâ€™d need to swallow it. The whole point of the grapefruit juice is to inhibit certain enzymes in the stomach/intestines (forget which one), when u snort it doesnâ€™t get digested in that route",Present
NoMoreJesus,staying clean is a bitch. I can't even count all the relapses,Past
Triple5soul128,Stay clean if thatâ€™s too much get on methadone it changes lives really,Present
directtodvd,He said he was doing a gram a day.,Past
MongoIsDead,"Thanks man. Iâ€™ve taken 60mg and feel pretty toasty. Sorry to hear mate truly, I hope things get better for you. I appreciate your advice, I wasnâ€™t planning to abuse it anyhow. 

I wish you all the best sir ğŸ™",Mixed
PhysicsFit6938,Thatâ€™s true definitely will power. I donâ€™t have access itâ€™s a mission for me to get some so thatâ€™s a good thing when I wanna quit. That headache is prob from using. Opiates cause horrendous headaches thatâ€™s also another reason I want to quit,Present
Eman1265,"Go to suboxone or methodone for treatment if you have to. CPS is going to be on your ass for a while. Happy to hear you are ok, just lucky you where not alone. This is why I quit using, you canâ€™t trust anyone anymore with what you are getting. Good luck to you.",Present
directtodvd,"It's happiness vs pleasure. I've been much happier, but it would be hard to say I've felt more pleasure.",Present
PhysicsFit6938,It takes 1 stressful day or something for me to just jump back on it and I hate that. Iâ€™ve got no will power. What mental part? What goes through your mild? U start missing the high?,Present
srsct42,"Iâ€™d just let it filter through. I always did hydrocodone and never really used s cone shape.... makes a ton if sense if you dont want to make a mess, i reckon. I am not a smart ğŸ˜”",Past
Rod599,"Do you get bad physical withdrawals? Mine tend to subside too around the 4-5 day mark, but the mental part hits like a ton of bricks.",Past
fidel2112,I believe you can get clean. A lot of work ahead. But its worthy it. Prayers your way.,Future
PhysicsFit6938,And I had jet lag and it just made everything better popping a few pills,Past
SangTheMang,Just let it filter though or wrap it into a cone shape?,Present
PhysicsFit6938,"Happy, giddy energised. Straight A student. Thatâ€™s me sober and I havenâ€™t been for 4 years. Maximum I was sober for was for 2 weeks went overseas and the country I was in I couldâ€™ve got jail time with carrying any opiates. The day I came back was back on it",Present
Rod599,"What's the longest you've been sober for? 

I ask because if you can remember what it was like to be sober, that's great motivation to stick with it. 

Best of luck to you.",Present
lalasmooch,"I'm so glad you are still here, and well done trying to get clean for your little boy. You got this babe, if you need a friend you can inbox me ğŸ’•",Present
PhysicsFit6938,Ya 25F lolll but I literally just posted that this will hopefully be my last Iâ€™m trying to quit ğŸ¥´,Future
DrCraptacular,Getting clean is easy. This is the EASY part.,Present
kitkatkittykat28,"Fuck yea! Glad u were able to quit. 
Hopefully one day i can get off subutex all toghether.",Future
BoostedE28,You can do it! I was taking that much oxy combined with some fent and tar. I am 19 months sober. We do recover.,Future
One-Willow-1475,I promise you it would be a decision you will regret 100% stay strong I promise you have the ability and strength to find a way out. Donâ€™t turn to drugs for any reason. They will become your worst enemy.,Future
Dookerz12345,I took some breaks of 3-4 days subbing kratom for oxys or O-DSMT but my doses would stay roughly the same even a few days off of kratom,Past
EsketaShroom,Morphine is trash compared to Oxy IMO. Least desirable opiate for me,Present
EsketaShroom,I was on 4-5 OC80S whe. I switched to H bc I had finally found H that was pure and I could buy chips off the brick. From there tolerance only went up more and more. After I couldnâ€™t take it anymore I went on Methadone,Past
thegreatgrunion,"I get it now, I was under the impression that you wanted to get clean, than decided fuck it and got some more, or you were picking up more so you could detox with it, maybe get high one last time",Mixed
OGSkywalker97,I always take it orally but sometimes when redosing I get barely anything from oral so intranasal works better for that.,Present
TATP1982,"No. If you are not using daily for several weeks you won't develop a physical dependency.  As long as you aren't used every day, like, for example, 5 or more days a week for 3 or 4 weeks, you'll be fine.",Future
buddyfluff,"Hey girl, Iâ€™m here for ya. This shit sucks but youâ€™re gonna make it thru I have faith in you. Thatâ€™s about it. Just know youâ€™re not alone",Future
RipppleInStillWater,"I'm so happy you're alive. As far as staying clean and recovery, you've fucking got this!!!!",Present
Doruge,"Heroin is known to last longer and more euphoric than presses.
But H is more expensive overall so if you want the safer route
Itll cost ya",Present
yourfamilymember,I got a pollywop and a couple tartzies for 8. After I spoop those willys I'ma be cloozed for a longin'.,Future
anon052555,"Just keep in mind, in many areas, most heroin has fentanyl. Be safe. ğŸ¤™ğŸ¼",Present
TATP1982,They do need a positive influence right now and you are amazing for stepping up to provide one.,Future
estimatedpr0fit,"id say fent is worse cause itâ€™s hard to gauge what analogue you are taking thus making over dosing more likely i would assume. maybe iâ€™m wrong. be careful, people love you",Present
jasonwolf5,Heroin if pure is way safer then fent yes.,Present
speedandanal,"Tianeptine affects opioid receptors.

Be warned that when abused your withdrawls will be silar to opioid and benzo wd combined",Future
TATP1982,"Fent pressies tend to stick around a LOT longer than regular opioids as they are more lipophilic. It is possible that if they send it to a lab it could come up positive for fentanyl. Otherwise, you might be ok.",Future
Proteinfarts101,Good luck. Withdrawals should be a reminder to never touch it again,Future
BJH713,Using is the last stage of relapse,Present
goodoldsaz,i cant do meth. any uppers just make me want to do opiates that much more. ive definitely heard fhis from a lot of ppl tho.,Future
goodoldsaz,kick from street fentanyl in 5 days? when i went to rehab coming off this stuff i did a 5 day sub taper and felt like shit for weeks after,Past
Johndough1066,"Do NOT do this! Either use 5 days of methadone to kick or get on methadone maintenance long term. There's no risk of precipitated withdrawal with methadone. 

And you do NOT want to put yourself into precipitated withdrawal.",Present
RecreationalAV,"Been using since 2004-2005. I still get a rush when I IV, but I have tried to quit a few times which ended up me taking 6 month breaks before a relapse. 

After a long time youâ€™ll definitely still feel it, unless you have super weak stuff. But it mostly just keeps you functioning",Past
St_agustine,"Maybe Iâ€™m a pussy, but Most of the Dboiâ€™s Iâ€™ve dealt with are in gangs and carry guns.  I wouldnâ€™t expect to sit down next to a crew and get a fair game.  Unless u are a real badass carrying guns too, but I like being free.  Jail sucks",Present
tymrminor,Quitting was only way my sex life got back to normal. Beware tho it will take a little time to get your stamina back if you do quit. Good luck my friend,Present
pigwalk5150,"Iâ€™m very sorry for your loss. 
You donâ€™t have to explain why youâ€™re posting this. It is therapeutic to talk about this stuff and it may not seem like it right now but it will help you move on. 
Thank you for sharing your story.",Present
St_agustine,I love morphine.  U have to shave it up and put powder in a 3ml oral syringe and plug it.   45-70mg I prefer over dope,Present
Bigdongs,I knew a kid that broke his arm so he could get oxys and all he got was a few percocets and by that time he was already a fent addict,Past
St_agustine,Youâ€™d be wrong.   I said fuck it and went on methadone,Past
PhysicsFit6938,I dunno Iâ€™m a girl and opiates make me extra *horny* lol,Present
EsketaShroom,If you are feeling wds tell them what they want to hear and start your treatment. I cannot imagine Fent being in your system 3 days after last use.,Past
EsketaShroom,Just beware once you get comfortable shooting nothing else will satisfy you and tolerance raises quickly when you IV,Present
IllReputation5,Youâ€™ll definitely be in withdraw you just canâ€™t take a sub if your using fent for sometimes 4/5 days. It will put you into precipitated withdraw.,Future
EsketaShroom,Donâ€™t you think any of the presses are using other analogues? I doubt any use real pharmaceutical fentanyl. Fent analogues yes... and then cheaper opioid analogues... I know some are but I think that more and more utilize the cheaper most available analogues,Present
maestrohooks,"i also calculated that if i can raise the concentration of the fent by evaporating more water, i can fit about 2500-3000 micrograms in a 10mL bottle, which would be the same as the 50mL pharmaceutical bottles",Present
Terry1221,Only been a month so ur not even severely dependent yet. Honestly ur withdrawals should be a breeze compared to most ppls. Would depend on how much and how frequent u were using the drugs tho,Future
feloniousfilms,"Sorry for your loss. Opiate withdrawal is incomprehensible to describe... the hardest part is about getting clean is staying clean, especially the boredom and a general apathy. I wish I could wake up like normal people and NOT feel like I need a shot...

Thank you for sharing.",Future
tetsuwane,You can do a taper on full agonist opiates the same as you can with methadone or bupe but one of the main  issues is knowing the actual strength so you can dose correctly and offcourse the discipline required to stick to the taper.,Future
PyotirKropotkin,"Like I said a month will be tough, but not as painful as a heavy year+ user. And if you can find some red kratom strains. They will take the edge off.


Donâ€™t get any deeper than you are. You will regret it, Iâ€™ve been obsessed with this shit for 15 years now.",Future
Natural-Ad-3154,Alright cool I appreciate the advice Ive never had much trouble quitting drug habits in the past but i know heroin is a different monster,Past
PyotirKropotkin,"Iâ€™m sorry it didnâ€™t work for you. Iâ€™m a pretty big advocate for it, but I guess there is no cure all for a topic as nebulous as addiction.


Now that my tolerance isnâ€™t up high from fent cut heroin, I usually get a decent buzz like taking a few hydrocodones",Past
Henry_william_1996,Itâ€™s absolutely disgusting. Didnâ€™t bother me for 4 years now I canâ€™t be in the same room of an open bag. I was a caps guy but now Iâ€™m into extraction for no taste and all the powder.,Past
Terry1221,Kratom tastes super disgusting so Iâ€™d recommend the capsules. yeah itâ€™s wayyyy more expensive but theyâ€™re many times easier than trying to choke down that dogshit,Present
PyotirKropotkin,"Definitely not â€˜shittyâ€™ itâ€™s saved my life and many others. You do you though, sorry it didnâ€™t help you and you didnâ€™t enjoy it.",Past
PyotirKropotkin,"Kratom is an amazing plant and back when I was clean, it was a large part of the reason I was doing as well as I was.

Some people are just ignorant and donâ€™t want to learn unfortunately.

Red strains once you lose a bit of your former dope tolerance feel like a nice buzz",Past
Terry1221,nah he will end up regretting it later on down the road trust me. subs ainâ€™t nothing to play with. only harder opioid thatâ€™s more difficult to come off of is methadone,Future
cody_cigar,"thanks man, clean from fentanyl and opiates now for about a week. hope you are well too!",Present
bten943,He can do whatever he wants.  I'd rather take 1 or 2mg of suboxone than try to take down 10-20g's of Kratom a day maybe even multiple times a day.  At least its prescribed and has a long half life.,Mixed
lunaismyinternetname,"Iâ€™ve had that shot before and tried to shoot up even though people specifically told me â€œyou wonâ€™t get highâ€. I was stubborn and kept trying and eventually gave up because I was wasting my dope. 

OP YOU WILL NOT GET HIGH AND IT IS DANGEROUS",Future
s_indeed,"All good to know, I mean I wont have the issue of resisting the drug cause if I stop buying it then I wont be around it anymore. Anyway thanks man",Future
jaidedd,i used many kinds of opioids and never felt itchy from them. they release histamine which is why you feel itchy but it doesnâ€™t affect me which is weird since i get allergies bad so i would think it would affect me but it hasnâ€™t.,Past
Roniricer,"Opiates IV'ed dont give me a head rush anymore, it's like a sore ache that creeps up my spine into my neck.  Kinda like a headache actually, but nice.",Present
s_indeed,"Yea I've tapered off a few drugs before, just curious how much most people reduce it by every day, I was thinking halve the dose every day.",Past
s_indeed,"It's not like I buy $10 bags at a time, I plan further ahead than that so it's the same batch. Anyway I'll taper off and let ya know how it goes",Future
s_indeed,"I see what you're saying but I know myself pretty well and I have more self control than that. I've quit other drugs before and tapering works for me, kinda suck that nobody gave any advice on how to do it. Guess I'll figure it out myself",Mixed
s_indeed,"I buy 5 grams at a time so it's the same batch, and tapering has worked for every other drug addiction I've quit. I'll let ya know when I'm done.",Past
s_indeed,"I've heard of that before I think, I'm only gonna be in withdrawals for a few days so I'll just taper with what I have. Last time I had to go through withdrawls I wasn't even puking do I don't think itll be too bad",Future
Nr0225,"Exactly, my dealer told me it keeps you young forever. Thatâ€™s why you rarely see old heroin addicts",Future
JStrach,"Yeeeeaaahhh but itâ€™s accountability. 

I feel like relapsing and not acknowledging it would come from a place of fear and shame for me. Own it and grow from it.

You do you n shit, Iâ€™m glad you only dipped in and dipped out.",Present
Johndough1066,Can you get some methadone? All you need is about 5 days of methadone at a dose that makes you feel normal.  Take that and you will greatly reduce or even eliminate acute withdrawal symptoms.,Future
crafty_alias,I'm on 125mg twice a day. As far as opiates go its been a horrible pain killer for me.,Present
Jblack401,If you feel like you can stop without relapsing then just CT. Tomorrow's bag could be twice as strong or half as strong as today's. Shit it might not even be the same drug. You are not going to taper in any meaningful way. After a couple relapses consider maintenance.,Future
crafty_alias,I'm on methadone it definitely doesn't work well for me.,Present
blooodymuggles,"I assumed it would start the clock all over again. Do you think it would make it any worse? I just have no real experience with wds, my girl and I have been pretty successful chippers going on a few years now.",Present
lazyboyardee,For me paws always hits around week 3-4 and lasts a week or 2 then its gone. The physical wd is 10x harder imo. No comparison to not sleeping for days at a time sweating and skin crawling. Paws is more mental than anything. If you lay around and do nothing it makes it worse.,Past
Terry1221,"U not tapering off heroin bud, Iâ€™d say thereâ€™s probably a 0.000000001% chance of u being successful. Go to a maintenance program",Future
Terry1221,"Donâ€™t do it, you might as well be flushing that Oxy in the toilet",Future
burf2500,"I forgot to throw them in there, although I didn't really start listening to Alice in Chains till my early 20's. Poor Layne, it sounds like he was really bad off before he died. Fun fact, Jerry Cantrell and I have the same birthday.",Past
Texshroom,At least your not bullshiting yourself and saying you'll stay clean. Rehab is always a great place to meet like minded people. I always left rehab with several leads on new plugs.,Present
antfiya92,Should I do all ? I was planning on chewing them. Might bang one if I can get some info. I usually bang 135mgs of methadone daily. Bug last time I dosed was yesterday.  Really wanting a nice nod. Is chewing the way to go? If so whole thing? Or all 3?,Past
RepresentativeLook95,Damn that's crazy man is it fentdope or pure fentanyl? And i know you can indefinitely titrate opioids but i didn't know it goes up that quick with fentanyl. Thanks for the knowledge. And have you ever tried methadone to get off? And how bad are your withdrawals?,Mixed
twissletipz,"hey mate, dont worry. i have quite the tolerance. have been a daily IV user since 2 years ago. small breaks every few months.",Present
Dr_ThugLife_,"I would definitely stay up for at least 2-4 hours see if your symptoms subside. Do not use all day tomorrow ESPECIALLY if what you have is the same batch.  Pressies are riskier than heroin. If you ABSOLUTELY must continue your usage,  invest in a tester.",Present
RepresentativeLook95,Was 80mg of hydro the highest you got in dosage? And did you work up to 70mg of Methadone because that's quite a bit. My tolerance is 300mg of Oxycodone a day and 30-40 mg of Methadone gets me floored high.,Past
Dr_ThugLife_,Be careful I'm pretty worried because over exhaustion is a symptom of an OD. Make sure your bf is aware and update when you can.,Present
Tx_Deadshot,Ayy way to fuckkng go! I'll be three months sober on January 11th! Keep it up!!,Future
dirtylili,Iâ€™m just tired Iâ€™ve only slept a few hours and cried like a crazy woman when I close my eyes and rest it goes back to normal it feels like that when I do exertion Iâ€™ll gonna go to a family doctor no insurance donâ€™t really wanna rack up a bill,Present
RepresentativeLook95,Damn that sucks they won't let you in the military. I know in the US you can still join with a history of substance abuse. I know people that where on suboxone and methadone then came off and joined over here. And you played rugby professionally for England? That's really cool.,Mixed
JustAnotherStonerYo,"I smoke all mine, higher chance of OD if you snort I would think",Present
-FallingPhoenix-,So she won't think opiates cool but for sure some kind of stim if he were to take mdma lmao. You're eyes should be saucers.,Present
ImmediateDimension4,Ooohhhh yesssss they do! And when you're a daily heroin user you can go a very long time without pooping. It can even get dangerous. Imagine dying from being unable to poop. But after a couple weeks the cramps I get are so severe. It's insane.,Present
bravoblu,"I'm so happy that you were able to break the cycle. One day at a time, my friend... happy holidays; may life treat you with the happiness and strength you deserve.",Future
LordMalyce,Iâ€™ve heard shit about bowel movements and opioids so I thought it made him constipated and he finally took a shit or something lol. I donâ€™t think opioids make you constipated though. Idk though I donâ€™t use them that much.,Present
ammalol,Man there are eye drops just use that don't be an idiot and mix acid with oxy for red eyes,Present
Dr_ThugLife_,That's pretty reassuring fuck h.  Dilaudid is the way of the future!,Future
Hamspamm,I did this and pupils were huge. Opiates totally canceled out,Past
10000___00001,If u only used half a g once ur not gonna go into withdraws lol,Past
Dr_ThugLife_,"So just to confirm,  that rush I felt with dilaudid would you say it's similar,  better or worse than H?",Past
10000___00001,You should feel good asf but benzos ruin the euphoria,Present
10000___00001,Injection of heroin is extremely bad especially continued use. It can ruin your veins and lungs and heart,Present
Dr_ThugLife_,Dialudid was the happiest moment of my short life.  Sottimg there waiting for my next dose was he'll but when that nurse came i was overwhelmed with pure bliss pure ecstasy.... I've been chasing that ever since with oxy,Past
jrocnk2,If you have no tolerance and use sporadically you should not be shooting. Snort or smoke for your safety,Past
shaggysolo,It feels alot like diladid. In my experience.,Past
directtodvd,Diazepam is basically my favorite drug of all time barring opiates. One of the few things I might do given the chance.,Past
yaboyjwl93,I hit in my foot all the time. Does hurt sometimes but my arms are thrashed. Rush isn't AS good as arms but still does the job just fine not too much of a difference.,Present
Ogrelord69420,Iâ€™ve always been told that when it comes to opiates the drug doesnâ€™t actually do too much physical harm other than constipation. Itâ€™s the addiction component and possibility of OD that can make them so harmful,Present
gaspipe_larry,"Morphine completely keeps me from reaching REM sleep, I have to lay off it, or gain a tolerance or I do not sleep. This is very much the same thing I think",Present
BenzedrineBlues,"I wasn't a clinic patient, I drank 90mg takehomes from patient about twice a week, except the one time I took 180mg lol. I'm mostly kicking fentalogues",Past
EquipmentProper,"Yeah mate itâ€™s never a great idea and Iâ€™m not trying to be a smart ass Cos we all make mistakes, I was genuinely trying to make the guy see itâ€™s not the best idea and if you strip it down really he is asking strangers how he can best lie to her which is really not good",Past
HomanSquareGreenLine,They just donâ€™t want you to end up like me and I never touched a needle in my life,Future
chromesomee,"I know man, and I feel bad for those people. I'm not tryna say I have it worse.",Present
xero40,"youll feel absolutely nothing.  you have no sense that anything ever happens you just wake up and realize then that time has elapsed or you don't.  in retrospect its probably the most painless way to die, but it sucks because its certainly an avoidable cause of death.",Future
bekah1321,How did it go?  Were you successful?  I have a habit very similar to yours and am also on east coast so prob the same product.  I want to try to microdose to induct suboxone as well.  Just wondering if it worked out for you?,Present
Pure-Rare,"Iâ€™m sorry mate but If I never touched opiates Iâ€™d be living a lot longer than I expect to. That maybe personal experience talking but thatâ€™s my reality, maybe not everyones, but itâ€™s mine. Once again appreciate the comment though.",Past
UnsaltedPotatoes,fent is more nodding than it is euphoria,Present
2Potrillos,"Yes you most likely would if the dose is high enough, and you donâ€™t eat a solid 4 hours before.
Donâ€™t forget water!!",Present
pro_No,"Thank you sir, I know of the risks with acetaminophen. I have not done opiates in years before this encounter yesterday, do you think Iâ€™d feel anything if I were to take some tonight?",Past
StarfireRX,Iâ€™ve tried tons of different pills over the past 8 years sadly I just donâ€™t like them ğŸ˜­ like I said they make me physically sick. Like 90 pounds with no immune system type sick.,Past
CrystalFieldTheorist,"I figured as much.  Since I only know one opioid without nitrogen atoms, I was pretty sure it wasn't going to be a fun drug.",Past
PillLLooVee,Bro...It is a temporary feeling...matter of time you will be with your family having a good time...It will pass just keep busy...,Present
NiceGuy6740,Iâ€™m on 16 but Iâ€™ve been taking 8 and didnâ€™t take any yesterday,Mixed
surkitxx,Opiates are strong binders taking lsd won't make your pupils enlarge. Theyll stay constricted,Present
Jblack401,So what 4mg? Thats a tiny dose im sure its possible to still get high when taken small doses like that. I always was on 24mg sometimes all at once and sometimes 3x8mg a day,Present
xpinsandneedlesx,From what I understand you would need to seperate the morphine from the opium first then cook the morphine base and acetic anhydride together to get the heroin freebase which can be smoked,Future
NiceGuy6740,I snorted some of a m30 and feel it fine and i took half my sub this morning,Past
Jblack401,I was on subs for 2 years at 24mg then methadone for the last 11 years at 145mg. I used while on subs but I would usually have to take a day or two off and really go hard on the dope to feel anything.,Past
Jblack401,Definitely not right. Only active when injected and even then the bup is stronger and most people don't even go into WD like it was designed to do.,Past
Jblack401,"Dude you sound like a hot mess. Get off the drugs and save what is left of your future. There is no ""legitimate reason"" for doing drugs, trust me I spent years thinking and spewing the same bullshit.",Future
gremalkinn,"I'm not on opiates anymore but fuck with adderall, just so I can at least stay sane. Definitely searched my house 6 times today while praying to Junkie Jesus but he turned his back on me. :(",Future
hopefullystillclean,Unfortunately I think you need to be actually tripping for your pupils to dilate.,Present
musack3d,"This is some real shit. I think a vast majority of us feel that way. May not be actively suicidal but we keep seeing how close we can get to the edge. We nay not be trying to kill ourselves, but if it happens, it happens",Present
WhatKindOfFishIsThis,"Correct, you wonâ€™t go into withdrawal if you arenâ€™t physically dependent.",Future
SweetFiend_,"I dont have much experience with crack and it's users, my town only carried meth and heroin.",Present
GoodTimes85,Robert said he did a lot of acid while making Pornography so maybe that would be a better choice?,Past
C25H34O3,"thankyou for the concern i always give the same advice. but i smoked a small piece and am feeling pretty good, nowhere near as good as roxys tho imo",Past
Pure-Rare,"Prescription decrease does not decrease addiction issues. It increases them. If I canâ€™t get my morphine, and I NEED it, then what street drug can I get thatâ€™s closest....Smack",Present
strikekitchen333,"You'll end up death in your bed, so be carefull. Just dont give it a try if you want stay alive.",Future
cyberking253,Iâ€™m on 3 antidepressants and I take kratom 3 times per day. Hasnâ€™t caused any issues yet but not to say it couldnâ€™t.,Present
thegreatgrunion,This was my own prescription. I think it was about 180mg and a bar.,Past
detri-mental65,I went 2 months clean and relapsed on fent and it was all bad very quickly. Best of luck.,Past
Kratomcures,"Iâ€™ve snored dillies...I get oxymorphone though and thatâ€™s the god opiate if you donâ€™t shoot, which I dont. Snorting dillies, especially 8mg ones is a great high. Take it easy on em though",Past
10000___00001,No. Staggering your doses will help avoid liver damage and taking more than 400mg wont yield any benefits.,Future
detri-mental65,I used to smoke and IV but I wasn't clean in a week EVER. Sometimes it's analogs.,Past
droppoutjunkie,"Iâ€™d edit that, hydromorphone is a much stronger opiate than oxycodone. It could kill someone if they get that mixed up.",Present
Odk34odk,I was snorting 30s 3 to 4 days before my probation test and it never showed up,Past
FunkyHunkJunkie,Not bad with low tolerance. Was the opiate to ever make me constipated and later withdraw from.,Past
Infinite_Apricot,"Nahh man, hydromorphone is stronger than oxycodone, and from what I've heard it's ""only worth it"" if you IV... I don't IV or have tried hydromorphone, but it is stronger...",Present
JohnJoint,"Makes sense. That's actually nuts. I was confused when I was still high the whole next day, so this means you can just dose a large amount to save redosing?",Present
opals-and-banonos,"15mg lol

I used to buy off the street *a lot* (for me anyway) for a couple of years, but then I was prescribed 10mg Percocet 3x/day from 2016-2017ish. After about six months, I started getting sick as hell from it (and pretty much every other opioid) at just about any dose.",Future
willieskin88,"Yes my pretty. My pretty, sticky, vinegary sweet little bag of bliss",Present
willsteves,Thereâ€™s strong opioids that can help with safe use,Present
10000___00001,Hahahaha careful next time snort small bumps over a space of time instead of clogging ur nose with railing half a pill. Also be very careful its not fentanyl,Present
10000___00001,The ceiling is ~400mg i believe for codeine so taking more past that increases duration and negative effects but doesn't increase euphoria,Present
Acceptable_Garlic3,Who said script? My mailman is my dealer,Present
Recovid,"I quit dihidrocodeine with codeine, but codeine has way smoother withdrawal and doesn't feel good to me when im used to dhc, just gives me headache. Tramadol has really bad withdrawals, plus it's very different than oxy so I'm not sure it would be a good idea.",Past
_GinNJuice_,You dont need to feel guilt or shame. You turned that stuff down. Good job. You're still early in the ballgame. Cravings are normal and natural. They'll get better.,Future
Rod599,"You can do it. Once you do and come out of it, you'll be a stronger person for it. Ask me how I know. 

Focus on a goal for motivation. You said you're going to see your parents for the holidays. That's a huge goal to strive for. Do you want to be yourself when you see them? I suspect I know the answer. Try to block out everything else and focus on that, mind over matter.",Future
lotusflowerkiss,"hey there,  I've been reading this post and it's been giving me hope that my man and I can kick H. we hate it and dont wanna do this anymore we have so much to live for and this isnt the way to live at all this shit sucks, I cant even by xmas gifts for my family. but I would really like if you could just explain to me what you did exactly so we can do it. I have a shit ton of 8mg subs and kratom. I just cant handle the 24h-48h of waiting what so ever. theres no way I can get around things I have to do daily, I literally dont have 24h-48h to be sick and waiting. so this sounds like what we need to do.. I'll be looking forward to hearing from you, right now I'm doing about 8 bags a day and im trying to go down",Mixed
dammit2hell77,"Hang in there I remember day 8.  The lack of sleep during my first two weeks is disturbing to me hahah. Once I started getting  a bit more sleep I felt tons better. So thats something to look forward to in your near future. Thinking of the gains, what motivates me, and the why really puts things in perspective. What helps you get through it?",Past
KivaKan,Shouldn't have got addicted to opiates from the get go if you didn't want this to happen.,Past
PhutuqKusi,"Unless its Suboxone or Methadone, which specifically work to block the euphoric effect, it's all the same. Oxy, Vicodin, Tramadol, heroin, and fentanyl are  morphine (or synthetic morphine) derivatives that all have the same effect on the brain. Your brain can't tell the difference from one to another.",Present
schoolbussdown,"tramadol, xanax and medical weed the first time i quit",Present
DanBlaxtin,"You stopped before the second of this month? That was a couple weeks ago. You shouldn't barely just be getting wds. 

Maybe you got the rona",Past
stonio84,"I never had any luck getting high with those. The name â€˜darvocetâ€™ just sounds amazing and you would think they have huge potential for a good buzz. Ultimately, it was a total let down for me, each and every time I tried (and I tried hard). Are they the big pink oblong ones?",Past
leor2900,I hope u do man opiate withdrawals a bitch,Future
Kratomcures,"Most people find Bali the strongest (I think it sucks) and red maeng da. I think those are generally considered the strongest red, although I find both crap. Kratom is definitely different for each person",Present
rexmorpheus777,If we have methadone clinics then why not just have heroin clinics? Why is GETTING HIGH **soooooooooooo socially unacceptable?** God forbid we safely catch a nod or something.,Present
Kratomcures,And if youâ€™re disappointed with betuangie is a weaker strain than most reds so donâ€™t give up if you dont find them helpful. Kratom takes a lot of trial and error to find the right strain for you,Present
izzo34,"Have spoken with Tracey. She is cool! 

I've never done h. Just pills and fent patches. Thought about switching. But after having seen this. Decided against ever doing h.  Hell, even managed to gain a little control over my addiction and have been doing a bit better.",Mixed
Front_Pizza_1225,Alright guys so I finally fine a red strain of kratom. Itâ€™s called red bentuangie. Anyway theyâ€™re capsules. Iâ€™m reading the back and it says itâ€™s intended for aromatherapy purposes and not intended for human consumption!!! WTH?! Iâ€™m so confused lol,Present
Acceptable_Garlic3,"320mg, i didnt have more at the same time.. no way near puking tho ğŸ˜¬ been on opioids 1.5 years",Past
willsteves,"I wouldnâ€™t go past 2 weeks of use, make sure to take little breaks, or you risk withdrawal",Future
Old_Fart52,"Nice, there's nothing quite like finding money apart from finding drugs",Future
Amnesiazzz,"I would usually give it at least 4 hrs between doses, respiratory depression is a side effect so if you still feel high I'd just wait, helps keep your tolerance down too. I think you would be fine taking 30 over a night, I'm no expert though.",Future
willsteves,"Thanks, ya mentally feeling better. Just woke up, my stomach is a little queezy rn, Iâ€™ll see how it goes through the day. Yesterday, day 6, my stomach still hurt like hell . Just RLS and stomach pains rn",Present
klc3rd,"Fair enough, Iâ€™ve always kind of considered the point youâ€™ve certainly gone too far being the point when you have to take it to feel normal",Future
andreaidkk,Sorry for asking a lot but I'm such a newbie. How many hours   does the high lasts? May I redose later with 15mg more or is it too much for the first time?,Future
Amnesiazzz,"Ah cool man, good times they are Oxy, up to you but I'd just take them orally. Everyone is different, I always find snorting anything really plays havoc with my sinuses. Enjoy âœŒï¸",Present
andreaidkk,"I tested it with marquis test and they tested oxy, I was scared they were fent",Past
imchiefinkeef,Rlly? I feel like i was extra emotional on opiates.. like my gf broke up with me whom i loved dearly and i was sobbing crying freaking out while on them.. and then when good things happened i was jumping up and down with joy,Past
Affectionate-Grab306,Oh I'm aware I don't actually eat that many percocet,Present
flawlesslawless69,Not worried about your oxy dose... it's the acetomenaphin that is gonna get you.,Future
TATP1982,They will do more harm than good... may not even give you a good buzz..,Present
BudgetWrongdoer1998,Not sure but I will say they are a waste of time really. To me they are not as strong as even tramadol,Present
arod303,I think his point is that itâ€™s not the drugs itself that cause the addiction; itâ€™s the resulting social isolation that causes problems. Not that I agree with that but itâ€™s not that black and white.,Present
Old_Fart52,"er I've not quit, well I quit the H after 12 years in 1991, then had 25 years on methadone with a very occassional hit of H, now I'm on er morphine after a bad spinal injury. It's been 41 years in total.",Past
Old_Fart52,"Very well on the whole, thanks! :O) for the first few weeks after I started on the TRT I had permanently erect nipples and often spontaneously in other places too.  Also those 'special' dreams where you wake up and go eeeyyeeeeww! lol.  It was kind of my 2nd adolescence lol",Past
epearson10,I wish this were the case. I wish I had endless supplies of all the drugs. Iâ€™d like to believe if I did Iâ€™d get my full then return to a life of moderation.  But none of that is realistic for me.,Future
Ayanith,I wish I could but I just ran out. I had one dose left and instead of doing the smart thing taking it tomorrow to stay better longer I did it to get higher,Past
PLANETxNAMEK,Hoping I can push it to the back end of that timeline. Would be great if I could give myself a solid 10 days or so,Past
Narlan033,"If I were you I would use the remaining substance to do an aggressive tapering. With your moderate tolerance, this would save you the horrible second day.",Future
The_Real_Eskro,"Getting sober is the easy part, staying sober is the part most people fail at. It's takes a storm to test you, when you're sober and experience a big L, that's when the true test begins. Not relapsing, that takes strength and will power. You got this! Fuck the shit out of 2021!",Present
corvid-of-reality,benadryl (diphenhydramine) is INCREDIBLY easy to get a hold of. and also being sober and having my brain be able to think makes me feel bad so,Present
TriedtocancelJesus,"if you donâ€™t metabolize it well, trams are ass. trams are 1/10 oral morphine, so if you didnâ€™t get that high off 200mg LAST NIGHT, you probably wonâ€™t have much luck w 300mg.",Present
cow-stros90,Im not sure abt canada but in the states ive never heard of a 45 mg oxy. There is a 40 mg thats yellow but either way ive never known anybody to take between 1000 and 2500 mgs of oxy per day..are u sure that he is doing his math right?,Present
maximusbilly,"I took some xans with oxy and next thing I remember Iâ€™m in hospital, donâ€™t fuck with it no matter the dose imo",Past
cow-stros90,If u are dead set on takin the oxys then save em for tomorrow when u aint on the xans and the booze,Future
cow-stros90,U really shouldnt mix em with xans if u dont have a tolerance.,Future
cow-stros90,A relapse? So youve been addicted to these before and u dont know what your body can handle? Stick to the smirnoff bro and send those k57s to me. Cool?,Past
DoryS111,You can do this. It ainâ€™t no walk in the park but youâ€™ll get through it. Iâ€™ve been off opioids since 2018 after at least 5 years of using them. Iâ€™m rooting for you!,Future
JaguarFormer1161,You are missing the point. You need sobriety during therapy because without you are clouding your ability to focus on fixing yourself.,Future
xTGI_CommanderX,My best friend ended up in the hospital twice after writing cold turkey. Heroin WD are a nightmare.,Past
Alyona_17432,Probably alcohol in 2014 was going through a very rough time and almost died from alcohol withdrawals because I ainâ€™t have insurance,Past
Alyona_17432,When I withdrawal my most severe symptom is vomiting by far. It happens every single time and thatâ€™s the worst part. All those meds can be helpful but theyâ€™re prescription meds and my goal was never to become â€œClean.â€,Past
krame_,I tried to quit with benzos probably 50+ times and it never ever worked but whatever works for who ever else good for em,Past
kimmothy9432,It's true. It's scary the level we rely on doctors to do the right thing for us when many of them are inept or just don't care. I'm not sure if I'd been that early in my recovery I'd have been able to be as strong as OP here and for that I commend them greatly.,Mixed
kimmothy9432,Iâ€™m guessing a cough suppressant if OP had that as a symptom but Jesus Christ there are plenty of non narcotic options for that too.,Present
heyitsthephoneguy,Yeah Iâ€™m frustrated by this too.... What advantage would codeine have right now to covid symptoms??,Present
Subutexas-Ranger,"Well, the good news itâ€™s been only three months. But never the less, going cold turkey will be extremely harsh. The way I used to handle this, was get my hand on a few subs and taper off. It worked great for me. Sorry, but thatâ€™s the best advise I can come up with.",Mixed
dj-shortcut,"if Methadon is an opiate, then yes.",Present
iriselke,"Thanks for this. Iâ€™m only 8 days and feel in the worst sort of mental hell. As you say, I need to constantly ask myself what I want. Thanks mate. Keep strong, youâ€™re doing great btw",Present
iriselke,God thank F itâ€™s not just me. It actually feels painful to simply exist. I have every physical/material need met but the sheer mental/emotional pain is bloody hectic.,Present
rkm24,I am on day 8 as well and the mood swings are insane. I thought I was going crazy.,Mixed
resutir,i know what i need to do in the back of my head but i always need someone to tell me before i listen. thank you for the response,Present
Jburns79,"That is awesome! I met my husband in active addiction. We are now both over 3 years clean. Everyone said we would never make it because we used together, wr beat the odds so far. Im so happy for you &amp; your wife!",Mixed
jammin98,Thank you I'm trying I haven't done shit in 7 months there are know meetings so it's hard to get support,Present
PrincessHiccups,I love reading stories like this. Congrats to you on your family and new life. Donâ€™t let people get you down about the â€œone hitâ€ thing. I knew what you meant.ğŸ™‚,Mixed
United-Citezen,"Well by day 11 I will have no benzos left (im just using what I have stocked up on for a withdrawal ) and I'm prescribed 225mg of pregabblin a day, and I'm planning to taper that aswell before I tell the doc

I'm trying to come off herion, and this is my plan.",Future
dodgeorram,"Yep I go from 20 bag to whole paycheck in about a two week timeframe from my last relapse, which was when the stimulus went out (guess where my stimulus went)",Mixed
nikeswoosh27,"I'm no expert but I mostly hear about withdrawals from long-term use, but maybe like opiates they start faster if you've been addicted before? Either way probably best to knock them off soon",Mixed
United-Citezen,"I don't think so personally, maybe some minor anxiety after a week. Just half the dose a couple times before ya stop should be ok",Present
Mac-Nasty,"Very similar situation. Back pain, family. They gave me such a boost. I was a golden child, didnt drink till just before I was 18. Didn't smoke till I was 20. Ive never done drugs it just helped me feel like me. It's too late before you're already an addict.",Past
hoosiermomma73,"Thanks for sharing your personal journey with us all. Unfortunately, addiction happens in a blink of an eye. My story is similar but started after a surgery and being prescribed opiates. I am so proud of the both of you. Stay strong and carry on. Congrats.",Mixed
Old-Plantain-3023,7 800mg pills. Before I got clean I was up to 15 800mg daily. 7 soma pills a day 1 week outta the month and 2 weeks outta the month up to 300mg of tramadol. But was pretty consistent with the gabapentin. Withdrawal was a MONSTER as you can imagine.,Past
grizzmane,Iâ€™ve attempted suicide multiple times but somehow I always get brought back or someone finds me even when I do it by myself. Itâ€™s actually quite frustrating I just wish I could go peacefully so I didnâ€™t have to endure this hell. fuck it I guess I was meant to suffer,Past
varemaerke,"Nothing I could ever say would take your pain away, I just wanted to let you know I read your story and greatly admire your strength. I hope you keep on fighting, if you can't for yourself, then for the memory of your daughter.",Future
brandysnacker,i listen to podcasts and have started painting. if youâ€™re several months in you want to consider your lack of motivation may be because you are depressed? you could talk to your doctor about that,Present
Old-Plantain-3023,"That's everything I was taking during active addition, then I was clean 5 months ( the withdrawals were horrid) I cant believe I did this to myself. I should've just try to deal with the emotions in another way ugh",Past
Old-Plantain-3023,"I relapsed on tramadol (150mg) which I have stopped a few days ago, soma (300mg) which I stopped a week ago, and now currently taking gaba (6,000 mg) for about 4 days now.",Mixed
ItsCherryBiiish,"I used to think it would never get better. That the cravings would never subside. 
I will have 4 years clean in April, and I can finally say I donâ€™t crave dope anymore. I canâ€™t remember when it stopped but it finally did. 
Stick with it
Iâ€™m proud of all of you!",Mixed
c_derbz,"I actually failed out of university bc of it almost 10 years ago now and still suffer continual consequences to this day. Take it from me, get out of it while ya can bc this shit will eventually take away everything good from your life.",Mixed
lgncdi,"Long time booze hound opiate addict, that drank through withdrawals. In my experience it will not extend the opiate withdrawal symptoms, but you'll definitely feel way worse.",Present
MetaMetaFour523,"It was the last symptom to go when I detoxed. I sneezed for months. And now, three and a half years later I still never only sneeze once when I do happen to sneeze, itâ€™s always sneezing fits now.",Mixed
gus_arschbackus,"Can only tell for myself.It didn't completely resetted my wd as i took a tiny amount of fent during detox, but it felt like i was throwed back one or two days.",Past
goodoldsaz,i know about it. just cant afford 9 days worth of fent. plus my girl uses too so thats double what i would need for 9 days of dope so we could both get off,Present
df118s,"TBH When I get clean I have so much energy, I feel well again and happy I don't have to worry about gear.

With a habit, I'll feel high for 6 hours, then sick again until I can redose.  Going through that every day sucks,  you can even sometimes get sick of the buzz.",Mixed
teamsleep,I used to feel exactly the same way and the only thing that helps is racking up more clean time. Youâ€™ll get less cravings and self destructive thoughts as time goes on. I only just started feeling â€œnormalâ€ at 100 days and now have about 240 days.,Mixed
coforbs,"Hell yeah, ur in the final stretch. I permanently fucked up my sneeze game, like i can never sneeze only once, it's always a total fit of em. Addiction, the gift that keeps on giving.ive been off em 2 years",Present
Nicksullivan67,True. If I can get rid of the restlessness I can get through the withdrawals.,Future
brandysnacker,"today i have 22 days clean. i did alllllll the laundry and painted my nails and cooked a meal. tomorrow i might organize my closet. iâ€™ve also been trying to do a 20 min walk every day and yoga, though i really need to learn new poses.",Present
Only_Angst,No sweat my man....I never ever thought I would get clean but I did it and I donâ€™t even think about opiates anymore,Present
Only_Angst,I recently got clean....I was ODâ€™ing every week and enough was enough....got on suboxone and Iâ€™m getting my life back....,Mixed
popsmokeslover,98 days clean and My life is drastically better man! Itâ€™s crazy what being clean can help you accomplish,Present
thekingofsting6969,"If I relapse, how do I move past it, Iâ€™m so scared.",Present
brandysnacker,that is amazing. i canâ€™t even tell my real sister because sheâ€™s very judgmental about opiates. i donâ€™t blame her. her close friend odâ€™d and died in her bathroom. itâ€™s just a burden i canâ€™t put on her. but i have a close friend who understands,Present
nightshadexw," wait 36-48 hours if not more! I thought I was fine after a day and a half, I was a heavy fent user like you, took my sub and got the WORST precipitated withdrawals of my life death was preferable! I felt I was gonna seize out just please wait it out ğŸ˜”",Mixed
letsgooo828,Yes that's why I'm so frustrated with myself that I picked methadone of all things ... But I'm going to get through it. I have to  jd,Future
brandysnacker,"thatâ€™s amazing, congrats! this is the first time in like 10 years i can get my family presents as well. itâ€™s not much, but still. feels fucking crazy.",Future
Remarkable-Ad3414,"I appreciate all the advice, thank you.

I will try to pull through without the benzos. Problem is I take care of a pregnant wife due in a month and two elderly parents, the withdrawals canâ€™t interfere with my ability to function.",Future
facethestrain,"I understand youâ€™re well intended, but this simply isnâ€™t true. Iâ€™ve done a line of real H, and took 4 mg 6 hours later. No adverse effect. If the subs are in your system enough and you use a full agonist, you will not go into PWD.",Past
habibi0001,I think all addicts are. I think the reason we fall into drugs is partly because of that: we don't see a directive or a thing to get passionate about. People who recover usually always get into working out or some hobby.,Present
Many_Ad8950,"Honestly benzos would make me say screw it and relapse , just stay clean bro",Present
GrimButDim,And I wouldn't promise something that serious to my worst enemy if I thought there was even a chance you would get PWD.,Future
GrimButDim,You'll be alright. Been on subs ages. Just used one bag? Have a sleep. Then take it as normal the next day. You'll be fine. I do it all the time. The only time I get PWD is if I've been on a week binge. You had one bag for one day. You'll be fine. I promise.,Present
nothingrhymeswsierra,Iâ€™m normally on subutex and Iâ€™ve used grams and taken a subutex the next day and been fine. I just wanted to make sure I wouldâ€™ve been good w suboxone bc Iâ€™m not familiar with it. I just switched,Present
XRMilk,I always found having a shower helped with the scalp itching. Codeine would always give me bad itching. Morphine itching I find rather pleasant.,Present
CrunchyMuffins4653,"16 mgs is quite a bit. Cut it now before it gets too bad, believe me. Taper for the next month or so and then use kratom for another 1-2 weeks and then jump off. Good luck.",Future
Syrian_lambchop,I have methadone though so Iâ€™m pretty numb 24/7 regardless.,Present
idkwhynot69420,Fent got rid of all my problems while using but then I regretted doing it and got hit with a brick of emotions when I quit worst idea Iâ€™ve ever had temporary relief was not worth it when I could have dealt with it and came to terms with my issues instead of prolonging Them,Past
OG-Corpse,"I had the same thing once in the states, a looong time ago. They're horribly stingy now. What'd they give out dilly syrup for?",Past
kan_u_feel_it,"Doing a little better, and yes they know of what brought me here. Thru just gave me some hydroxyzine and I'm bouta get discharged.",Present
Olmatehowyagoin,Strange I did 3 days in a row and stopped today have no withdrawals.,Present
OG-Corpse,"Gabapentin and tramadol worked wonders. The tramadol didn't reset the withdrawals at all for some reason, so it'll work with a T break",Present
CrunchyMuffins4653,Jesus Iâ€™m dealing with it now LOL was gonna write this same thing. Kind of annoying but only happens when Iâ€™m really out of it. Just kind of annoying I guess.,Present
OG-Corpse,"My pupils are so pinned... it's only for the holidays tho, opposite of what you're doing. Acid and weed will be amazing... you know psychedelics will help reset your addiction? Maybe it's a good time to stop and try something else this coming year",Present
Alyona_17432,Iâ€™m an hour past day 5 and just know THAT IT DOES GET BETTER. Cheers to a sober 2k21,Future
Tex-45,My gf has never figured out. Even when time when I get really dizzy and collapsed I talked my way out of it somehow. Yâ€™all ever get that? Like spinners and you canâ€™t stand up?,Past
fhbcas,"Thanks. Will definitely go and buy all of that! 
I can deal with the mental side effects, itâ€™s the physical ones I guess I was more concerned with. Thank you thank you",Future
EquipmentProper,"Yes most ppl Iâ€™d imagine, bcos Iâ€™ve been addicted to DHC Iâ€™m lovely and motivated on it but also can go from empathic to snappy quite quickly at times",Past
TATP1982,"It's all good!  I used to frequent opiophile and blue light,  but under a way different username.. more of a lurker and I think I made maybe two or three posts? If that? I loved opioiphile..",Past
No-Dragonfruit609,I have been on MMT for 22 years and successfully have stayed clean from heroin and mexis for less time but awhile.,Present
DrBionicle176,"I honestly enjoyed it, it made getting the tattoo a more enjoyable experience since I was off oxy the entire 8 hours. I also used some pain numbing gel at the same time. Took like 80 mg over that time",Past
Haunting_Blueberry_5,Holy shit 5-8 a day that fent is unbelievable how fast your tolerance goes up. Iâ€™m just glad I realized before it got there. Literally the most I will ever do from now on is a half as a dose and try to make it smaller and smaller over the days. What do u think about that?,Present
Investigator_Alive,Ive been an addict mate and noone cares. All i cared about was my next hit.,Present
ahhhhskeetskeet,"L-to the-O-L.  Assuming I hit a nerve.  8 months of an addiction doesnâ€™t mean a lifetime of addiction.  I appreciate the emotion behind your comments. You are coming from a true place, I believe that.",Future
Haunting_Blueberry_5,I see. I just have to constantly remind myself when Iâ€™m deep in wd that things will eventually get better. Itâ€™s such a strong mind game,Future
MrOverride,"Well I never keep one, I stop before I get too deep and I keep at least 10 days off before I start up with fent etc",Future
Haunting_Blueberry_5,Didnâ€™t cop tbh plug gave it to me. I am sure I am ready bro trust me itâ€™s just I was doing 2 a day bro so itâ€™s harder than it sounds. And when you are drenched in sweat and canâ€™t stop moving ur legs u know what I mean. Iâ€™ve never been thru this before,Present
tefKLONdon,No switching back to Kratom in the morning so I should be okay I think. Got a large dose set out waiting for me,Present